{"proxies":{"titutorial.audiorecorder.AudiorecorderModule":{"superPackageName":"org.appcelerator.kroll","methods":{"isRecording":{"runOnUiThread":false,"hasInvocation":false,"args":[],"apiName":"isRecording","converter":"org.appcelerator.kroll.KrollConverter","defaultValueProvider":"org.appcelerator.kroll.KrollConverter","name":"__default_name__","returnType":"java.lang.Boolean"},"startRecording":{"runOnUiThread":false,"hasInvocation":false,"args":[{"converter":"org.appcelerator.kroll.KrollConverter","defaultValueProvider":"org.appcelerator.kroll.KrollConverter","name":"args","sourceName":"args","type":"java.util.HashMap"}],"apiName":"startRecording","converter":"org.appcelerator.kroll.KrollConverter","defaultValueProvider":"org.appcelerator.kroll.KrollConverter","name":"__default_name__","returnType":"void"},"getMaxAmplitude":{"runOnUiThread":false,"hasInvocation":false,"args":[],"apiName":"getMaxAmplitude","converter":"org.appcelerator.kroll.KrollConverter","defaultValueProvider":"org.appcelerator.kroll.KrollConverter","name":"__default_name__","returnType":"java.lang.Integer"},"registerCallbacks":{"runOnUiThread":false,"hasInvocation":false,"args":[{"converter":"org.appcelerator.kroll.KrollConverter","defaultValueProvider":"org.appcelerator.kroll.KrollConverter","name":"args","sourceName":"args","type":"java.util.HashMap"}],"apiName":"registerCallbacks","converter":"org.appcelerator.kroll.KrollConverter","defaultValueProvider":"org.appcelerator.kroll.KrollConverter","name":"__default_name__","returnType":"void"},"stopRecording":{"runOnUiThread":false,"hasInvocation":false,"args":[],"apiName":"stopRecording","converter":"org.appcelerator.kroll.KrollConverter","defaultValueProvider":"org.appcelerator.kroll.KrollConverter","name":"__default_name__","returnType":"void"}},"superProxyClassName":"KrollModule","isModule":true,"genClassName":"AudiorecorderModuleBindingGen","superProxyBindingClassName":"org.appcelerator.kroll.KrollModuleBindingGen","proxyClassName":"AudiorecorderModule","proxyAttrs":{"propertyAccessors":[],"fullAPIName":"Audiorecorder","name":"Audiorecorder","proxyClassName":"titutorial.audiorecorder.AudiorecorderModule","isTopLevel":false,"id":"titutorial.audiorecorder"},"packageName":"titutorial.audiorecorder","sourceName":"titutorial.audiorecorder.AudiorecorderModuleBindingGen","constants":{"AudioEncoder_AMR_NB":{"proxyName":"AudioEncoder_AMR_NB","name":"AudioEncoder_AMR_NB","type":"int","value":1},"AudioEncoder_DEFAULT":{"proxyName":"AudioEncoder_DEFAULT","name":"AudioEncoder_DEFAULT","type":"int","value":0},"AudioEncoder_AAC":{"proxyName":"AudioEncoder_AAC","name":"AudioEncoder_AAC","type":"int","value":3},"OutputFormat_MPEG_4":{"proxyName":"OutputFormat_MPEG_4","name":"OutputFormat_MPEG_4","type":"int","value":2},"OutputFormat_THREE_GPP":{"proxyName":"OutputFormat_THREE_GPP","name":"OutputFormat_THREE_GPP","type":"int","value":1},"AudioEncoder_AMR_WB":{"proxyName":"AudioEncoder_AMR_WB","name":"AudioEncoder_AMR_WB","type":"int","value":2}},"isTitaniumSdk":false,"onAppCreate":"onAppCreate"}},"modules":{"titutorial.audiorecorder.AudiorecorderModule":{"apiName":"Audiorecorder"}}}